City_ID,City,Lat,Lng,Max Temp,Humidity,Cloudiness,Wind Speed,Description,Country
0,Mataura,-46.19,168.86,46.0,97,96,1.99,light rain,NZ
1,Salinopolis,-0.61,-47.36,85.03,67,43,11.21,scattered clouds,BR
2,Pevek,69.7,170.31,38.48,88,100,3.47,overcast clouds,RU
3,Luanda,-8.84,13.23,75.2,83,20,9.17,few clouds,AO
4,Ancud,-41.87,-73.82,48.0,100,90,3.36,overcast clouds,CL
5,Port Elizabeth,-33.92,25.57,60.8,77,0,3.36,clear sky,ZA
6,Barrow,71.29,-156.79,44.6,93,90,9.17,fog,US
7,East London,-33.02,27.91,62.31,60,0,5.86,clear sky,ZA
8,Codrington,-38.27,141.97,46.6,81,84,21.99,moderate rain,AU
9,Vestmannaeyjar,63.44,-20.27,53.6,76,38,17.22,scattered clouds,IS
10,Albany,42.6,-73.97,81.0,55,0,5.26,clear sky,US
11,Fortuna,40.6,-124.16,69.8,73,40,1.14,scattered clouds,US
12,Puerto Ayora,-0.74,-90.35,75.2,53,75,18.34,broken clouds,EC
13,Gat,31.61,34.76,88.0,47,0,8.57,clear sky,IL
14,Cabo San Lucas,22.89,-109.91,82.99,94,75,4.7,broken clouds,MX
15,Asau,46.43,26.4,82.4,48,49,9.17,scattered clouds,RO
16,Rikitea,-23.12,-134.97,65.35,69,0,22.86,clear sky,PF
17,Bluff,-46.6,168.33,46.0,97,89,1.99,light rain,NZ
18,Celina,40.55,-84.57,79.0,60,1,1.95,clear sky,US
19,Itamaraca,-7.75,-34.83,84.2,66,40,14.99,scattered clouds,BR
20,Mahina,-17.51,-149.49,75.2,78,40,3.36,shower rain,PF
21,Busselton,-33.65,115.33,51.01,71,100,5.88,overcast clouds,AU
22,Malegaon,20.55,74.53,77.65,79,100,14.92,overcast clouds,IN
23,Hilo,19.73,-155.09,73.4,88,90,4.7,light rain,US
24,Ushuaia,-54.8,-68.3,44.6,65,75,4.7,broken clouds,AR
25,Chokurdakh,70.63,147.92,35.8,93,98,7.07,overcast clouds,RU
26,Bredasdorp,-34.53,20.04,60.8,77,0,3.36,clear sky,ZA
27,Lompoc,34.64,-120.46,60.8,82,90,7.85,overcast clouds,US
28,Jamestown,42.1,-79.24,79.0,56,1,8.05,clear sky,US
29,Faya,18.39,42.45,86.0,73,75,5.82,broken clouds,SA
30,Ilulissat,69.22,-51.1,48.2,49,20,4.7,few clouds,GL
31,Vagur,61.47,-6.81,53.53,93,100,22.93,overcast clouds,FO
32,New Norfolk,-42.78,147.06,36.0,88,16,2.17,few clouds,AU
33,Lufkin,31.34,-94.73,89.01,45,1,3.36,clear sky,US
34,Beloostrov,60.15,30.0,75.0,64,0,2.46,clear sky,RU
35,Taoudenni,22.68,-3.98,115.79,5,13,15.43,few clouds,ML
36,Saint-Philippe,-21.36,55.77,68.0,64,75,4.7,broken clouds,RE
37,Nanortalik,60.14,-45.24,49.15,63,0,4.59,clear sky,GL
38,Bridlington,54.08,-0.19,68.0,64,87,24.16,overcast clouds,GB
39,San Andres,12.58,-81.7,84.2,79,40,4.7,scattered clouds,CO
40,Lebu,-37.62,-73.65,54.27,68,0,15.66,clear sky,CL
41,Iqaluit,63.75,-68.51,50.0,76,75,5.82,broken clouds,CA
42,Avarua,-21.21,-159.78,73.4,88,14,13.87,few clouds,CK
43,Zhigansk,66.77,123.37,40.55,73,0,14.43,clear sky,RU
44,Carnarvon,-24.87,113.63,59.0,93,0,6.93,clear sky,AU
45,Lamesa,32.74,-101.95,84.2,37,90,16.11,overcast clouds,US
46,Maneromango,-7.2,38.78,80.6,65,40,13.87,scattered clouds,TZ
47,Hobart,-42.88,147.33,37.4,86,90,8.05,overcast clouds,AU
48,Betanzos,43.28,-8.21,75.2,41,20,13.87,few clouds,ES
49,Yellowknife,62.46,-114.35,53.01,71,40,11.41,scattered clouds,CA
50,Henties Bay,-22.12,14.28,72.0,37,16,5.01,few clouds,NA
51,Ponta Do Sol,32.67,-17.1,77.0,81,64,6.44,broken clouds,PT
52,Caravelas,-17.71,-39.25,71.64,89,100,2.37,light rain,BR
53,Khatanga,71.97,102.5,45.14,60,0,15.21,clear sky,RU
54,Beloha,-25.17,45.05,65.68,64,99,10.25,overcast clouds,MG
55,Belmonte,-15.86,-38.88,78.8,69,75,9.17,broken clouds,BR
56,Necochea,-38.55,-58.74,60.01,39,0,7.0,clear sky,AR
57,Hithadhoo,-0.6,73.08,83.32,78,75,12.66,broken clouds,MV
58,Atuona,-9.8,-139.03,78.42,79,4,17.78,light rain,PF
59,Bathsheba,13.22,-59.52,87.8,70,40,17.22,scattered clouds,BB
60,Flinders,-34.58,150.86,51.01,61,73,8.01,broken clouds,AU
61,Bellefontaine,40.36,-83.76,77.0,53,1,3.4,clear sky,US
62,Channel-Port Aux Basques,47.57,-59.14,64.9,72,39,15.17,scattered clouds,CA
63,Torbay,47.67,-52.73,70.0,52,40,24.16,scattered clouds,CA
64,Fairbanks,64.84,-147.72,51.01,100,90,1.54,mist,US
65,Cancun,21.17,-86.85,80.01,100,75,3.36,moderate rain,MX
66,Pacific Grove,36.62,-121.92,66.2,72,90,3.36,haze,US
67,Cape Town,-33.93,18.42,64.0,55,0,6.93,clear sky,ZA
68,Longyearbyen,78.22,15.64,44.6,75,75,11.41,broken clouds,SJ
69,Tevriz,57.51,72.4,53.96,96,68,3.51,light rain,RU
70,Macklin,52.33,-109.93,55.54,88,97,10.51,overcast clouds,CA
71,San Juan Bautista,-14.01,-75.74,61.0,87,90,6.93,mist,PE
72,Santo Augusto,-27.85,-53.78,50.0,43,0,10.29,clear sky,BR
73,Kondopoga,62.21,34.26,73.4,56,0,2.24,clear sky,RU
74,Kapaa,22.08,-159.32,78.8,78,90,14.99,light rain,US
75,Hermanus,-34.42,19.23,59.0,78,0,1.99,clear sky,ZA
76,Kodiak,57.79,-152.41,57.92,72,1,6.31,clear sky,US
77,Murmashi,68.82,32.81,60.8,93,40,4.47,scattered clouds,RU
78,Arraial Do Cabo,-22.97,-42.03,69.8,77,90,18.34,overcast clouds,BR
79,Roma,43.21,-75.46,78.8,54,1,9.17,clear sky,US
80,Punta Arenas,-53.15,-70.92,46.4,70,75,20.8,broken clouds,CL
81,Menongue,-14.66,17.69,85.03,11,95,5.91,overcast clouds,AO
82,Dubreka,9.79,-13.52,78.8,94,75,4.7,broken clouds,GN
83,Birao,10.28,22.79,74.26,94,90,5.66,heavy intensity rain,CF
84,Faanui,-16.48,-151.75,77.63,79,9,23.89,light rain,PF
85,Saint-Denis,48.92,2.33,84.99,35,58,18.34,broken clouds,FR
86,Grindavik,63.84,-22.43,59.0,54,0,14.99,clear sky,IS
87,Gladstone,-23.85,151.25,57.2,71,0,5.82,clear sky,AU
88,Butaritari,3.07,172.79,82.17,66,100,4.41,overcast clouds,KI
89,Valparaiso,-33.04,-71.63,57.2,62,0,5.82,clear sky,CL
90,Saint George,37.1,-113.58,91.0,19,1,3.38,clear sky,US
91,Thompson,55.74,-97.86,59.0,82,75,11.41,light intensity shower rain,CA
92,Canutama,-6.53,-64.38,88.56,36,17,6.49,few clouds,BR
93,Adeje,28.12,-16.73,84.2,58,20,14.99,few clouds,ES
94,Adrar,20.5,-10.07,104.02,19,47,11.05,scattered clouds,MR
95,Den Helder,52.96,4.76,72.0,64,0,25.28,clear sky,NL
96,Vaini,-21.2,-175.2,73.4,100,75,2.24,broken clouds,TO
97,Mar Del Plata,-38.0,-57.56,62.6,36,0,11.41,clear sky,AR
98,Shakiso,5.75,38.92,61.66,85,64,3.11,broken clouds,ET
99,Lagoa,39.05,-27.98,69.13,63,99,5.64,overcast clouds,PT
100,Chuy,-33.7,-53.46,54.61,49,0,10.71,clear sky,UY
101,Akyab,20.15,92.9,81.28,85,100,6.82,light rain,MM
102,Provideniya,64.38,-173.3,49.78,94,100,7.56,light rain,RU
103,Severodvinsk,64.56,39.83,68.0,77,1,2.24,clear sky,RU
104,Galle,6.04,80.22,80.29,85,99,10.56,overcast clouds,LK
105,Weihe,33.0,105.32,65.23,90,92,2.98,light rain,CN
106,Rumonge,-3.97,29.44,78.22,60,63,5.64,broken clouds,BI
107,Upernavik,72.79,-56.15,46.27,63,100,9.33,overcast clouds,GL
108,Mae Tha,18.46,99.14,78.8,94,75,1.12,light rain,TH
109,Nikolskoye,59.7,30.79,75.2,44,19,6.71,few clouds,RU
110,Alyangula,-13.85,136.42,60.8,100,1,5.82,clear sky,AU
111,Vrises,35.49,23.89,84.99,61,20,10.29,few clouds,GR
112,Shirokiy,49.76,129.52,57.79,86,15,5.59,few clouds,RU
113,Pitimbu,-7.47,-34.81,84.2,66,75,17.22,broken clouds,BR
114,Baykit,61.67,96.37,55.92,68,94,1.79,overcast clouds,RU
115,Umtata,-31.59,28.78,57.2,58,0,10.29,clear sky,ZA
116,Guerrero Negro,27.98,-114.06,88.05,49,42,11.45,scattered clouds,MX
117,Port Hardy,50.7,-127.42,57.2,100,90,11.18,light rain,CA
118,Porto Murtinho,-21.7,-57.88,57.15,49,39,8.14,scattered clouds,BR
119,Luderitz,-26.65,15.16,71.51,24,0,16.2,clear sky,NA
120,Magadan,59.57,150.8,45.99,62,100,8.08,overcast clouds,RU
121,Comodoro Rivadavia,-45.87,-67.5,66.2,37,0,12.75,clear sky,AR
122,Krasnooktyabrskiy,44.93,38.37,77.0,68,97,8.9,light rain,RU
123,Melo,-32.37,-54.18,53.02,51,0,10.94,clear sky,UY
124,Castro,-24.79,-50.01,45.03,85,100,6.49,overcast clouds,BR
125,Mahebourg,-20.41,57.7,73.4,64,75,9.17,broken clouds,MU
126,Immokalee,26.42,-81.42,90.0,59,1,9.17,clear sky,US
127,Victoria,22.29,114.16,84.0,70,60,3.0,broken clouds,HK
128,Byron Bay,-28.65,153.62,55.0,76,0,6.93,clear sky,AU
129,Mumford,5.26,-0.76,76.62,84,66,13.42,broken clouds,GH
130,Tasiilaq,65.61,-37.64,50.0,57,20,9.17,few clouds,GL
131,Bambous Virieux,-20.34,57.76,73.4,64,75,9.17,broken clouds,MU
132,Saint-Francois,46.42,3.91,89.6,35,13,4.7,few clouds,FR
133,Souillac,-20.52,57.52,73.4,64,75,9.17,broken clouds,MU
134,Sola,-13.88,167.55,78.8,100,40,15.97,scattered clouds,VU
135,Tabas,33.6,56.92,102.2,11,0,4.7,clear sky,IR
136,Shahpura,27.38,75.97,82.4,83,40,2.24,haze,IN
137,Xining,36.62,101.77,62.46,72,51,1.83,broken clouds,CN
138,Kimbe,-5.55,150.14,74.52,87,2,4.43,clear sky,PG
139,Constitucion,-35.33,-72.42,61.75,51,0,3.06,clear sky,CL
140,Tiksi,71.69,128.87,37.78,87,85,9.31,overcast clouds,RU
141,Fare,-16.7,-151.02,77.68,79,1,24.87,light rain,PF
142,Batemans Bay,-35.72,150.18,39.0,84,44,1.99,scattered clouds,AU
143,Englewood,39.65,-104.99,82.0,26,20,5.82,few clouds,US
144,Zhengjiatun,43.51,123.51,59.61,78,0,2.95,clear sky,CN
145,Amposta,40.71,0.58,86.0,65,0,5.99,clear sky,ES
146,Qaqortoq,60.72,-46.03,55.4,50,5,6.93,clear sky,GL
147,Port Hedland,-20.32,118.57,64.4,48,3,5.82,clear sky,AU
148,Bubaque,11.28,-15.83,79.65,84,99,17.43,moderate rain,GW
149,Bethel,41.37,-73.41,81.0,61,1,6.93,clear sky,US
150,Northam,51.03,-4.22,68.0,80,100,7.0,light rain,GB
151,Clyde River,70.47,-68.59,43.02,85,100,4.21,overcast clouds,CA
152,Vao,-22.67,167.48,70.83,77,0,7.49,clear sky,NC
153,Tuktoyaktuk,69.45,-133.04,49.35,82,0,4.94,clear sky,CA
154,Port Alfred,-33.59,26.89,59.56,67,0,6.33,clear sky,ZA
155,Barra Patuca,15.8,-84.28,78.15,89,100,6.44,light rain,HN
156,Elbistan,38.21,37.2,75.61,35,91,6.02,overcast clouds,TR
157,Broken Hill,-31.95,141.43,44.6,70,0,13.87,clear sky,AU
158,Saint-Augustin,51.23,-58.65,68.16,38,0,16.06,clear sky,CA
159,Eydhafushi,5.1,73.07,83.28,70,100,5.75,overcast clouds,MV
160,Poum,-20.23,164.02,71.17,73,0,6.53,clear sky,NC
161,Anadyr,64.75,177.48,50.0,100,90,17.9,light rain,RU
162,Kamskiye Polyany,55.43,51.42,55.4,93,90,8.95,overcast clouds,RU
163,Sao Felix Do Xingu,-6.64,-51.99,102.61,14,82,4.79,broken clouds,BR
164,Katsuura,35.13,140.3,82.0,88,2,3.0,clear sky,JP
165,Hofn,64.25,-15.21,60.8,38,100,20.8,overcast clouds,IS
166,Dutse,11.76,9.34,79.21,70,88,6.49,overcast clouds,NG
167,Cabedelo,-6.98,-34.83,84.2,66,75,17.22,broken clouds,BR
168,Lata,40.16,-8.33,84.0,49,88,10.58,overcast clouds,PT
169,Paita,-5.09,-81.11,71.6,60,40,14.99,scattered clouds,PE
170,Newport,51.59,-3.0,66.99,74,99,4.0,light rain,GB
171,Zhoucheng,35.91,116.31,70.18,91,60,3.85,broken clouds,CN
172,Saint-Georges,12.06,-61.75,87.8,74,40,12.75,scattered clouds,GD
173,Tura,25.52,90.22,74.71,91,19,5.57,few clouds,IN
174,Kaka,37.35,59.61,86.61,19,0,13.13,clear sky,TM
175,Palmer,42.16,-72.33,82.99,51,40,5.82,scattered clouds,US
176,Airai,-8.93,125.41,58.39,66,0,3.22,clear sky,TL
177,Tessalit,20.2,1.01,108.27,7,8,21.74,clear sky,ML
178,Bongandanga,1.5,21.05,75.63,95,83,2.59,moderate rain,CD
179,Esperance,-33.87,121.9,48.2,87,99,4.7,overcast clouds,AU
180,Cheremushskiy,61.27,47.26,57.07,74,54,4.45,broken clouds,RU
181,Paamiut,61.99,-49.67,47.1,77,1,4.83,clear sky,GL
182,Mao,39.89,4.27,82.4,83,75,5.82,broken clouds,ES
183,Rehoboth,-23.32,17.08,69.13,15,5,10.18,clear sky,NA
184,Yibin,28.77,104.62,78.28,79,68,2.13,light rain,CN
185,Tiarei,-17.53,-149.33,75.2,78,40,3.36,shower rain,PF
186,San Pedro,14.35,121.02,81.0,94,100,1.12,overcast clouds,PH
187,Nisporeni,47.08,28.18,84.2,35,1,11.41,clear sky,MD
188,Ahipara,-35.17,173.17,55.67,87,0,7.63,clear sky,NZ
189,Fort Frances,48.6,-93.4,69.01,93,90,4.7,mist,CA
190,Yerbogachen,61.28,108.01,55.15,89,41,4.18,scattered clouds,RU
191,Havoysund,71.0,24.66,59.0,76,75,5.82,broken clouds,NO
192,Gualaquiza,-3.4,-78.55,64.94,89,100,1.68,moderate rain,EC
193,Champerico,14.3,-91.92,86.0,66,40,11.41,scattered clouds,GT
194,Pisco,-13.7,-76.22,61.0,87,90,6.93,mist,PE
195,Enshi,30.3,109.48,73.0,83,46,0.78,light rain,CN
196,Tanout,14.97,8.89,89.87,43,100,2.51,light rain,NE
197,Acarau,-2.89,-40.12,89.15,49,22,16.75,few clouds,BR
198,Tailai,46.38,123.4,64.99,90,0,10.0,clear sky,CN
199,Santa Rosa,14.31,121.11,81.0,94,100,1.12,overcast clouds,PH
200,Saskylakh,71.92,114.08,41.68,79,95,7.72,overcast clouds,RU
201,Plavsk,53.71,37.29,61.88,66,71,3.24,broken clouds,RU
202,Narsaq,60.92,-46.05,55.4,50,5,6.93,clear sky,GL
203,La Foa,-21.71,165.83,59.0,100,0,2.24,clear sky,NC
204,Soyo,-6.13,12.37,80.6,65,20,8.05,few clouds,AO
205,Waipawa,-41.41,175.52,51.01,93,92,5.82,overcast clouds,NZ
206,Gasa,31.5,34.47,88.0,46,0,8.81,clear sky,PS
207,The Valley,18.22,-63.06,86.0,79,20,16.11,few clouds,AI
208,Olinda,-8.01,-34.86,84.2,66,40,14.99,scattered clouds,BR
209,Kushiro,42.98,144.37,58.91,85,95,4.34,overcast clouds,JP
210,Sabang,5.89,95.32,84.2,70,94,8.68,overcast clouds,ID
211,Aksu,41.12,80.26,77.76,32,0,3.33,clear sky,CN
212,Strai,58.2,7.9,69.01,77,75,21.92,broken clouds,NO
213,Labuhan,-6.88,112.21,79.11,68,66,12.86,broken clouds,ID
214,Salalah,17.02,54.09,78.8,94,90,8.05,overcast clouds,OM
215,Cherskiy,68.75,161.3,37.92,78,100,12.86,overcast clouds,RU
216,Yumen,40.28,97.2,72.18,39,60,8.75,broken clouds,CN
217,Geraldton,-28.77,114.6,57.2,82,100,9.17,overcast clouds,AU
218,Namatanai,-3.67,152.43,79.05,85,14,5.23,few clouds,PG
219,Shenjiamen,29.96,122.3,80.51,85,21,8.25,few clouds,CN
220,Bethlehem,-1.46,-48.5,86.0,74,40,11.41,scattered clouds,BR
221,Shimoda,34.67,138.95,75.0,87,0,1.99,clear sky,JP
222,Touros,-5.2,-35.46,78.8,88,75,10.29,broken clouds,BR
223,Pangai,-19.8,-174.35,77.16,87,17,13.09,few clouds,TO
224,Santa Fe,-31.63,-60.7,57.58,34,0,8.57,clear sky,AR
225,Palana,59.12,159.97,47.12,98,100,7.52,overcast clouds,RU
226,Dwarka,22.24,68.97,82.58,85,100,9.78,overcast clouds,IN
227,Ormara,25.21,64.64,83.25,82,100,4.36,light rain,PK
228,Vila Velha,-20.33,-40.29,77.0,64,75,18.34,broken clouds,BR
229,Vilhena,-12.74,-60.15,60.8,63,20,16.11,few clouds,BR
230,Abomsa,9.98,39.98,76.84,60,76,5.14,light rain,ET
231,Tres Palos,18.18,-101.62,84.2,74,75,5.82,broken clouds,MX
232,Belozerskoye,55.82,65.58,54.73,90,100,4.88,overcast clouds,RU
233,Riohacha,11.54,-72.91,88.5,63,61,9.73,broken clouds,CO
234,Haines Junction,60.75,-137.51,50.27,87,100,2.93,light rain,CA
235,Vagay,57.94,69.02,55.72,93,32,4.36,scattered clouds,RU
236,Roros,62.57,11.38,62.6,72,75,13.87,broken clouds,NO
237,Kungurtug,50.6,97.52,48.34,85,0,1.83,clear sky,RU
238,Smithers,54.78,-127.17,57.2,93,75,5.82,broken clouds,CA
239,Agadez,19.75,10.25,104.54,9,8,10.38,clear sky,NE
240,Saint-Jacques,45.95,-73.57,71.01,91,94,3.11,light rain,CA
241,Santiago Del Estero,-27.8,-64.26,61.2,28,0,12.08,clear sky,AR
242,Bull Savanna,17.89,-77.59,84.52,67,68,15.1,broken clouds,JM
243,Qaanaaq,77.48,-69.36,41.2,80,87,2.28,overcast clouds,GL
244,Manzil Salim,35.86,8.48,100.4,12,40,16.11,scattered clouds,TN
245,Muli,2.92,73.57,84.0,64,70,4.56,broken clouds,MV
246,Altay,47.87,88.12,61.21,54,74,20.07,broken clouds,CN
247,Riyadh,24.69,46.72,105.8,9,7,11.41,clear sky,SA
248,Berea,41.37,-81.85,81.0,41,40,4.7,scattered clouds,US
249,Skibbereen,51.55,-9.27,59.0,93,75,13.87,light intensity shower rain,IE
250,Catio,11.28,-15.25,79.92,85,99,11.77,moderate rain,GW
251,San Patricio,19.22,-104.7,87.8,66,75,2.17,broken clouds,MX
252,Port Blair,11.67,92.75,82.42,77,100,5.41,overcast clouds,IN
253,Ostrovnoy,68.05,39.51,54.95,88,100,3.6,overcast clouds,RU
254,Marondera,-18.19,31.55,56.73,79,100,2.55,light rain,ZW
255,Lorengau,-2.02,147.27,82.85,73,86,8.57,overcast clouds,PG
256,Tingi,-11.3,35.03,65.34,65,83,3.27,broken clouds,TZ
257,Dikson,73.51,80.55,46.54,73,0,14.74,clear sky,RU
258,Prenzlau,53.32,13.87,90.0,39,78,1.99,broken clouds,DE
259,Puro,12.48,123.38,80.04,77,18,2.73,few clouds,PH
260,Nome,64.5,-165.41,51.8,87,90,3.15,overcast clouds,US
261,Ouegoa,-20.35,164.43,67.24,79,0,3.98,clear sky,NC
262,Angoche,-16.23,39.91,72.99,78,44,10.63,scattered clouds,MZ
263,Ossora,59.24,163.07,49.08,87,100,3.78,overcast clouds,RU
264,San Quintin,30.48,-115.95,78.15,68,74,2.53,broken clouds,MX
265,Sitka,57.05,-135.33,59.0,82,40,5.35,scattered clouds,US
266,Greeley,40.42,-104.71,81.0,56,1,4.99,clear sky,US
267,Numbrecht,50.9,7.55,81.0,61,20,5.82,few clouds,DE
268,Leningradskiy,69.38,178.42,40.19,81,100,2.86,overcast clouds,RU
269,Maceio,-9.67,-35.74,78.8,78,75,11.41,shower rain,BR
270,Tuatapere,-46.13,167.68,46.0,97,48,1.99,scattered clouds,NZ
271,Romitan,39.93,64.38,80.6,30,0,9.17,clear sky,UZ
272,Na Klang,17.31,102.19,75.54,89,100,1.01,light rain,TH
273,Tilichiki,60.47,166.1,45.7,99,100,6.73,light rain,RU
274,Hami,42.8,93.45,81.52,28,82,5.06,broken clouds,CN
275,Hanzhong,33.07,107.03,70.99,80,54,2.39,broken clouds,CN
276,Anda,46.4,125.32,58.39,61,0,6.96,clear sky,CN
277,Rio Grande,-32.03,-52.1,59.0,33,0,12.75,clear sky,BR
278,Pareora,-44.49,171.21,48.0,97,30,3.49,scattered clouds,NZ
279,Talnakh,69.49,88.4,57.2,87,89,6.71,light rain,RU
280,Saint Anthony,45.02,-93.22,81.0,57,1,12.75,clear sky,US
281,Pudozh,61.81,36.53,67.12,67,0,3.65,clear sky,RU
282,Cabras,39.93,8.53,88.07,42,0,5.88,clear sky,IT
283,Bengkulu,-3.8,102.27,77.36,87,63,4.25,light rain,ID
284,Hasaki,35.73,140.83,77.0,100,20,7.14,few clouds,JP
285,Karwar,14.8,74.13,78.8,88,100,8.97,moderate rain,IN
286,Belyy Yar,53.6,91.39,66.2,72,59,2.24,broken clouds,RU
287,Dharchula,29.85,80.53,70.3,71,57,2.35,light rain,IN
288,Ribeira Brava,32.65,-17.07,77.0,92,62,7.31,broken clouds,PT
289,Corinth,37.94,22.96,87.01,35,0,4.0,clear sky,GR
290,Tambo,-14.8,-73.92,51.53,44,74,7.52,broken clouds,PE
291,Sibu,2.3,111.82,80.6,88,40,0.47,scattered clouds,MY
292,Hualmay,-11.1,-77.61,65.48,66,53,6.8,broken clouds,PE
293,Ballina,-28.87,153.57,55.0,76,0,6.93,clear sky,AU
294,Morwa,22.9,73.83,78.48,91,94,14.99,light rain,IN
295,Kidal,18.44,1.41,107.96,8,62,17.47,broken clouds,ML
296,Kavieng,-2.57,150.8,82.08,80,7,11.59,clear sky,PG
297,Georgetown,5.41,100.34,80.6,94,40,4.7,scattered clouds,MY
298,Tutoia,-2.76,-42.27,86.27,57,15,13.2,few clouds,BR
299,Vila Franca Do Campo,37.72,-25.43,77.0,78,20,5.82,few clouds,PT
300,Campoverde,-8.48,-74.81,68.0,77,75,17.22,broken clouds,PE
301,Ribeira Grande,38.52,-28.7,73.4,73,75,4.7,broken clouds,PT
302,Pingliang,35.54,106.69,64.72,90,100,9.69,light rain,CN
303,Kribi,2.95,9.92,77.68,82,91,11.74,overcast clouds,CM
304,Garmsar,35.22,52.34,93.65,11,0,12.3,clear sky,IR
305,Hambantota,6.12,81.12,80.6,94,40,11.41,scattered clouds,LK
306,Samarai,-10.62,150.67,76.87,81,89,7.96,overcast clouds,PG
307,Kaeo,-35.1,173.78,50.0,3,4,7.11,clear sky,NZ
308,Severo-Kurilsk,50.68,156.12,51.48,80,30,15.32,scattered clouds,RU
309,Sao Gabriel Da Cachoeira,-0.13,-67.09,91.4,63,40,8.05,scattered clouds,BR
310,Paralimni,35.04,33.98,89.6,79,20,14.99,few clouds,CY
311,Buala,-8.14,159.59,80.33,76,21,2.04,few clouds,SB
312,Weligama,5.97,80.42,79.7,86,96,10.18,overcast clouds,LK
313,Khuzhir,53.19,107.34,57.7,75,56,10.87,broken clouds,RU
314,Nhulunbuy,-12.23,136.77,71.6,83,0,6.93,clear sky,AU
315,General Pico,-35.66,-63.76,61.83,28,0,8.86,clear sky,AR
316,Killarney,52.05,-9.52,62.6,77,40,11.41,scattered clouds,IE
317,Mangan,27.52,88.53,74.43,58,60,1.01,light rain,IN
318,Carora,10.18,-70.08,88.45,49,37,4.0,scattered clouds,VE
319,Srednekolymsk,67.45,153.68,39.78,71,100,9.42,overcast clouds,RU
320,Mandalgovi,45.76,106.27,63.36,62,100,7.54,light rain,MN
321,Yulara,-25.24,130.99,50.0,43,0,6.93,clear sky,AU
322,Mporokoso,-9.37,30.12,77.29,25,82,6.4,broken clouds,ZM
323,Amahai,-3.33,128.92,77.47,86,59,2.98,light rain,ID
324,Schuttorf,52.32,7.23,84.99,51,67,1.99,broken clouds,DE
325,Linxia,35.6,103.21,66.49,76,98,2.48,light rain,CN
326,Pochutla,15.74,-96.47,80.6,74,90,3.85,overcast clouds,MX
327,Verkhoturye,58.86,60.81,55.06,95,100,5.95,overcast clouds,RU
328,Kruisfontein,-34.0,24.73,61.0,76,0,1.01,clear sky,ZA
329,Clarence Town,-32.58,151.78,57.0,54,0,24.16,clear sky,AU
330,Comana,44.17,26.14,90.0,40,1,3.53,clear sky,RO
331,Kirando,-7.42,30.6,80.02,50,32,2.59,scattered clouds,TZ
332,Sherbrooke,45.4,-71.9,62.6,93,90,5.82,overcast clouds,CA
333,Lazdijai,54.23,23.52,74.84,67,0,3.0,clear sky,LT
334,Tigzirt,36.89,4.12,85.89,62,1,7.11,clear sky,DZ
335,Half Moon Bay,37.46,-122.43,70.0,100,90,8.05,mist,US
336,Danane,7.26,-8.15,84.13,60,80,3.71,broken clouds,CI
337,Kozhva,65.11,57.05,58.78,76,99,9.98,overcast clouds,RU
338,Jimma,7.67,36.83,63.91,86,73,0.96,moderate rain,ET
339,Nantucket,41.28,-70.1,73.4,73,1,12.75,clear sky,US
340,Korla,41.76,86.15,82.0,53,8,1.99,clear sky,CN
341,Vostok,46.49,135.88,47.7,99,1,4.5,clear sky,RU
342,Shingu,33.73,135.98,76.57,85,1,3.58,clear sky,JP
343,Barcelos,41.54,-8.62,77.0,73,20,6.93,few clouds,PT
344,Lamu,-2.27,40.9,76.08,81,86,13.51,overcast clouds,KE
345,Bahia Blanca,-38.72,-62.27,61.36,32,0,10.27,clear sky,AR
346,Puri,19.8,85.85,82.4,83,75,12.75,thunderstorm,IN
347,Boa Vista,2.82,-60.67,93.2,49,75,9.17,broken clouds,BR
348,Biltine,14.53,20.92,90.46,45,51,4.21,broken clouds,TD
349,Lanzhou,36.06,103.79,73.99,54,78,1.01,broken clouds,CN
350,Khairagarh,26.95,77.82,84.2,89,40,6.93,scattered clouds,IN
351,Axim,4.87,-2.24,77.81,79,76,11.23,broken clouds,GH
352,Banda Aceh,5.56,95.32,81.07,76,100,5.1,moderate rain,ID
353,Alamosa,37.47,-105.87,71.6,35,1,3.15,clear sky,US
354,Norman Wells,65.28,-126.83,59.0,62,40,18.34,scattered clouds,CA
355,Lodja,-3.48,23.43,82.69,62,74,2.73,broken clouds,CD
356,Hai Duong,20.93,106.32,82.4,88,26,2.24,scattered clouds,VN
357,Khandagayty,50.73,92.05,56.62,71,26,2.15,light rain,RU
358,Sturgeon Bay,44.83,-87.38,78.8,54,1,10.29,clear sky,US
359,Seoul,37.57,126.98,78.8,78,90,2.26,overcast clouds,KR
360,Gigmoto,13.78,124.39,81.41,85,52,8.25,broken clouds,PH
361,Huarmey,-10.07,-78.15,66.33,65,84,7.99,broken clouds,PE
362,Scarborough,54.28,-0.4,66.0,77,88,5.99,overcast clouds,GB
363,Oak Ridge,36.01,-84.27,73.99,88,90,6.93,heavy intensity rain,US
364,Zabol,32.25,67.25,76.06,18,0,7.78,clear sky,AF
365,Ginir,7.13,40.7,63.55,79,74,8.3,broken clouds,ET
366,Okhotsk,59.38,143.3,48.04,76,53,2.55,broken clouds,RU
367,La Asuncion,11.03,-63.86,89.6,62,99,11.41,overcast clouds,VE
368,Yomou,7.56,-9.27,82.47,65,83,3.44,light rain,GN
369,Lakatoro,-16.1,167.42,75.2,100,40,10.2,scattered clouds,VU
370,Lang Suan,9.95,99.08,78.71,83,62,7.9,broken clouds,TH
371,Makakilo City,21.35,-158.09,78.8,78,1,3.36,clear sky,US
372,Yaqui,27.37,-110.17,86.0,62,75,6.93,broken clouds,MX
373,College,64.86,-147.8,51.01,93,90,1.63,fog,US
374,Praia Da Vitoria,38.73,-27.07,73.4,73,75,8.5,broken clouds,PT
375,Ende,-8.84,121.66,74.52,73,0,2.75,clear sky,ID
376,Kyra,49.58,111.98,61.61,82,100,4.14,overcast clouds,RU
377,Cubuk,40.24,33.03,73.99,40,40,21.92,scattered clouds,TR
378,Portland,45.52,-122.68,70.0,83,75,11.41,light rain,US
379,Hammonton,39.64,-74.8,84.99,65,91,1.01,overcast clouds,US
380,Brigantine,39.41,-74.36,80.6,57,1,8.05,clear sky,US
381,Donskoye,45.46,41.97,68.0,68,100,2.24,light rain,RU
382,Sisimiut,66.94,-53.67,52.11,70,72,4.54,broken clouds,GL
383,Muros,42.78,-9.06,71.01,76,0,14.0,clear sky,ES
384,Owerri,5.48,7.03,75.2,94,75,5.82,light intensity drizzle,NG
385,Aswan,24.09,32.91,100.99,12,0,15.46,clear sky,EG
386,Akola,20.73,77.0,76.42,91,100,13.62,moderate rain,IN
387,Dasoguz,41.84,59.97,80.6,34,0,6.93,clear sky,TM
388,Beira,-19.84,34.84,73.0,78,90,18.34,overcast clouds,MZ
389,Saint Pete Beach,27.73,-82.74,89.01,68,77,5.99,broken clouds,US
390,Qianan,44.99,124.06,58.06,57,0,5.12,clear sky,CN
391,Sao Miguel Do Araguaia,-13.28,-50.16,95.97,23,46,7.14,scattered clouds,BR
392,Emiliano Zapata,18.83,-99.18,69.8,88,75,3.36,broken clouds,MX
393,Lamar,33.67,-95.58,84.2,51,1,3.36,clear sky,US
394,Klyuchi,52.27,79.17,61.07,59,81,9.64,broken clouds,RU
395,Ankazobe,-18.32,47.12,62.6,63,20,10.29,few clouds,MG
396,Krupina,48.36,19.06,82.4,45,0,5.82,clear sky,SK
397,Blue Springs,39.02,-94.28,82.4,51,1,5.82,clear sky,US
398,Sundsvall,62.39,17.31,69.01,88,100,16.11,overcast clouds,SE
399,Moose Factory,51.26,-80.61,60.8,59,1,4.7,clear sky,CA
400,Sibolga,1.74,98.78,77.76,84,90,2.91,light rain,ID
401,Kuching,1.55,110.33,80.6,88,20,4.7,few clouds,MY
402,Kahului,20.89,-156.47,78.8,69,40,9.17,scattered clouds,US
403,Lavrentiya,65.58,-171.0,47.16,88,98,5.88,overcast clouds,RU
404,Hanna,51.63,-111.9,62.01,80,76,5.99,broken clouds,CA
405,Fort Nelson,58.81,-122.7,55.4,100,90,4.7,mist,CA
406,Funtua,11.52,7.31,71.13,89,100,6.02,light rain,NG
407,Kisangani,0.52,25.2,89.6,52,75,6.93,broken clouds,CD
408,Campos Belos,-13.04,-46.77,100.27,14,2,3.13,clear sky,BR
409,Itarare,-24.11,-49.33,48.99,99,100,5.01,light rain,BR
410,Tiznit,29.58,-9.5,98.37,16,9,10.47,clear sky,MA
411,Lemon Tree Passage,-32.73,152.04,57.0,54,1,24.16,clear sky,AU
412,Talaya,61.38,152.75,36.86,91,100,6.22,overcast clouds,RU
413,Ikalamavony,-21.15,46.58,68.47,45,0,7.05,clear sky,MG
414,Sao Joao Da Barra,-21.64,-41.05,71.6,64,90,16.11,overcast clouds,BR
415,Dalaba,10.7,-12.25,70.95,98,56,3.4,moderate rain,GN
416,San Rafael,-34.62,-68.33,60.73,26,0,8.9,clear sky,AR
417,Abashiri,44.02,144.27,58.51,81,100,4.29,overcast clouds,JP
418,Grand-Santi,4.25,-54.38,93.87,34,54,5.19,broken clouds,GF
419,Mindyak,54.02,58.79,55.4,76,75,13.42,broken clouds,RU
420,Picayune,30.53,-89.68,86.0,62,40,4.05,scattered clouds,US
421,Opoczno,51.38,20.28,86.0,46,17,7.52,few clouds,PL
422,Praia,14.92,-23.51,86.0,55,75,10.29,broken clouds,CV
423,Puerto Carreno,6.19,-67.49,75.25,89,100,8.08,light rain,CO
424,Tagusao,9.19,117.81,80.29,81,88,4.85,overcast clouds,PH
425,Mtama,-10.3,39.37,75.27,59,86,2.82,overcast clouds,TZ
426,Broome,42.25,-75.83,79.0,53,1,8.05,clear sky,US
427,Hamilton,39.18,-84.53,79.0,57,1,6.93,clear sky,US
428,Kamaishi,39.27,141.88,71.58,88,95,4.56,overcast clouds,JP
429,Maicao,11.38,-72.24,87.73,67,91,13.31,light rain,CO
430,Sao Filipe,14.9,-24.5,77.16,74,36,4.45,scattered clouds,CV
431,Athens,37.98,23.72,87.8,35,20,12.75,few clouds,GR
432,Chimore,-16.98,-65.13,61.68,49,81,4.14,broken clouds,BO
433,Berga,60.39,5.33,64.4,88,75,25.28,shower rain,NO
434,Adet,11.26,37.49,60.03,85,96,1.61,moderate rain,ET
435,Haverfordwest,51.8,-4.97,64.4,88,98,33.33,light rain,GB
436,Shellbrook,53.22,-106.4,68.0,82,75,14.99,broken clouds,CA
437,Kalanguy,51.02,116.52,60.06,87,99,1.81,overcast clouds,RU
438,Dano,11.15,-3.07,85.55,67,32,6.69,scattered clouds,BF
439,General Teran,25.27,-99.68,93.11,30,0,5.41,clear sky,MX
440,El Ocotito,17.25,-99.57,84.2,70,40,4.7,scattered clouds,MX
441,Kaitangata,-46.28,169.85,46.99,89,80,7.0,broken clouds,NZ
442,Lasa,46.62,10.7,71.6,64,40,8.05,scattered clouds,IT
443,Margate,51.38,1.39,73.0,66,25,8.01,scattered clouds,GB
444,Villaviciosa,43.48,-5.44,78.01,53,24,5.19,few clouds,ES
445,Le Port,-20.94,55.29,69.8,68,20,9.17,few clouds,RE
446,Qiongshan,20.01,110.35,78.8,94,96,2.24,overcast clouds,CN
447,Ngunguru,-35.62,174.5,50.0,3,2,9.91,clear sky,NZ
448,Bhawanipatna,19.9,83.17,76.66,89,100,5.55,overcast clouds,IN
449,Sampit,-2.53,112.95,75.87,94,94,3.53,overcast clouds,ID
450,Namibe,-15.2,12.15,71.6,78,40,20.8,scattered clouds,AO
451,Kysyl-Syr,63.9,122.76,42.82,65,0,5.55,clear sky,RU
452,Maltahohe,-24.83,16.98,66.99,18,0,10.58,clear sky,NA
453,Bratsk,56.13,101.61,66.2,48,100,4.47,overcast clouds,RU
454,Road Town,18.42,-64.62,91.4,74,40,10.29,scattered clouds,VG
455,Afua,-0.16,-50.39,91.72,48,9,5.73,clear sky,BR
456,Richards Bay,-28.78,32.04,62.91,75,1,4.7,clear sky,ZA
457,Kavaratti,10.57,72.64,82.6,81,100,11.97,overcast clouds,IN
458,Jumla,29.27,82.18,62.67,70,80,2.17,broken clouds,NP
459,Sisophon,13.59,102.97,78.78,86,100,8.16,moderate rain,KH
460,Auki,-8.77,160.7,77.7,84,6,2.75,clear sky,SB
461,Mahibadhoo,3.78,72.97,84.0,65,79,4.59,broken clouds,MV
462,Mandurah,-32.55,115.7,52.0,77,100,8.39,overcast clouds,AU
463,Tres Coracoes,-21.7,-45.25,59.2,81,100,4.18,light rain,BR
464,Berlevag,70.86,29.09,53.6,81,75,5.82,broken clouds,NO
465,Dingle,11.0,122.67,76.69,89,7,2.42,clear sky,PH
466,Meulaboh,4.14,96.13,78.91,84,100,4.32,light rain,ID
467,Goundam,16.41,-3.67,101.73,24,33,5.35,scattered clouds,ML
468,Nador,35.17,-2.93,89.6,61,0,4.7,clear sky,MA
469,Olafsvik,64.89,-23.71,54.3,56,0,15.08,clear sky,IS
470,Miri,4.41,114.01,78.8,88,20,2.24,few clouds,MY
471,Kununurra,-15.77,128.73,71.6,61,38,2.19,scattered clouds,AU
472,High Level,58.52,-117.14,55.4,93,90,6.93,overcast clouds,CA
473,Lengshuitan,26.41,111.6,79.07,84,55,1.45,light rain,CN
474,Alice Springs,-23.7,133.88,50.0,37,0,4.7,clear sky,AU
475,Muisne,0.6,-80.03,78.8,83,75,5.82,broken clouds,EC
476,Beidao,34.57,105.89,67.46,82,97,3.47,overcast clouds,CN
477,Nivala,63.92,24.97,71.01,65,90,4.0,overcast clouds,FI
478,Wajima,37.4,136.9,76.42,85,35,5.41,scattered clouds,JP
479,Copiapo,-27.37,-70.33,60.8,55,0,5.82,clear sky,CL
480,Sorong,-0.88,131.25,78.62,82,41,5.99,light rain,ID
481,Verkhnetulomskiy,68.61,31.8,60.8,93,40,4.47,scattered clouds,RU
482,Sale,34.04,-6.82,86.0,74,20,12.75,few clouds,MA
483,Shirvan,39.95,48.9,83.41,40,0,16.22,clear sky,AZ
484,Vuktyl,63.86,57.31,55.99,80,100,9.98,overcast clouds,RU
485,Great Yarmouth,52.61,1.73,77.0,57,58,11.01,broken clouds,GB
486,Teluknaga,-6.1,106.64,80.6,78,20,8.05,few clouds,ID
487,Makhachkala,42.98,47.5,75.2,64,40,22.37,scattered clouds,RU
488,Port Lincoln,-34.73,135.87,49.75,67,62,20.04,broken clouds,AU
489,Tattayyangarpettai,11.13,78.45,84.2,74,75,9.17,thunderstorm,IN
490,Saint-Pierre,-21.34,55.48,68.0,64,75,4.7,broken clouds,RE
491,Pasighat,28.07,95.33,77.36,86,80,2.95,moderate rain,IN
492,Awjilah,29.11,21.29,96.66,22,0,12.57,clear sky,LY
493,Dustlik,40.52,68.04,76.17,19,0,8.3,clear sky,UZ
494,Sivas,39.79,37.0,59.0,62,20,19.46,few clouds,TR
495,Rojhan,28.69,69.95,96.03,47,24,12.35,few clouds,PK
496,Lukovetskiy,64.3,41.92,68.0,77,28,2.24,scattered clouds,RU
497,Turayf,31.67,38.66,93.2,16,0,11.41,clear sky,SA
498,Arrifes,37.77,-25.7,77.0,78,20,5.82,few clouds,PT
499,Neyshabur,36.21,58.8,81.32,19,0,9.08,clear sky,IR
500,San Carlos De Bariloche,-41.15,-71.31,48.2,49,0,1.23,clear sky,AR
501,Methoni,36.82,21.7,86.0,42,40,9.17,scattered clouds,GR
502,Cabinda,-5.55,12.2,80.6,65,20,8.05,few clouds,AO
503,Hovd,48.01,91.64,64.33,40,0,3.33,clear sky,MN
504,Dibulla,11.27,-73.31,86.79,70,78,6.89,broken clouds,CO
505,Mulege,26.88,-111.98,87.28,53,86,9.51,overcast clouds,MX
506,Inuvik,68.35,-133.72,46.4,100,5,2.24,fog,CA
507,Tromso,69.65,18.96,53.6,76,20,23.04,few clouds,NO
508,Cururupu,-1.83,-44.87,87.03,63,56,7.38,light rain,BR
509,West Des Moines,41.57,-93.75,80.6,54,20,8.05,few clouds,US
510,Edd,13.93,41.69,92.14,59,87,8.16,overcast clouds,ER
511,Surgut,61.25,73.42,57.2,100,40,4.47,scattered clouds,RU
512,Galesong,-5.32,119.37,77.0,69,20,2.24,few clouds,ID
513,Nemuro,43.32,145.57,59.11,86,89,7.14,overcast clouds,JP
514,Lalmohan,22.34,90.74,82.56,83,99,16.06,heavy intensity rain,BD
515,Camana,-16.62,-72.71,65.1,67,84,10.51,broken clouds,PE
516,San Lazaro,18.04,-88.66,87.8,66,75,5.82,broken clouds,BZ
517,Lucapa,-8.42,20.74,83.59,32,100,3.98,overcast clouds,AO
518,Sobolevo,54.43,31.9,55.38,96,100,6.91,light rain,RU
519,Havelock,34.88,-76.9,84.2,70,20,2.86,few clouds,US
520,Poso,-1.4,120.75,76.03,76,0,6.17,clear sky,ID
521,Kamthi,21.23,79.2,77.0,94,75,10.29,mist,IN
522,Nipawin,53.37,-104.0,62.6,100,90,6.93,overcast clouds,CA
523,Vardo,70.37,31.11,51.8,87,75,18.34,broken clouds,NO
524,Aktash,50.3,87.73,40.66,83,58,1.1,broken clouds,RU
525,Havre-Saint-Pierre,50.23,-63.6,60.8,77,75,11.41,broken clouds,CA
526,La Tuque,47.43,-72.78,62.58,74,94,4.36,overcast clouds,CA
527,Solwezi,-12.17,26.39,77.86,28,70,4.23,broken clouds,ZM
528,Rocha,-34.48,-54.33,55.74,51,0,12.1,clear sky,UY
529,Mugur-Aksy,50.35,90.5,50.74,51,81,5.26,broken clouds,RU
530,Zheleznodorozhnyy,55.75,38.0,68.0,59,7,6.71,clear sky,RU
531,Kulhudhuffushi,6.62,73.07,83.39,71,91,6.73,overcast clouds,MV
532,Rabo De Peixe,37.8,-25.58,77.0,78,20,5.82,few clouds,PT
533,Post Falls,47.72,-116.95,70.0,60,9,3.0,clear sky,US
534,Sayat,38.78,63.88,82.4,24,0,6.93,clear sky,TM
535,Russko-Vysotskoye,59.7,29.94,75.2,44,20,6.71,few clouds,RU
536,Say,13.1,2.37,93.2,49,20,6.93,few clouds,NE
537,Fukue,32.69,128.84,82.83,83,4,14.83,light rain,JP
538,Weihai,37.5,122.11,69.78,90,92,2.48,overcast clouds,CN
539,Ponta Delgada,37.73,-25.67,77.0,78,20,5.82,few clouds,PT
540,Saldanha,-33.01,17.94,68.0,52,0,8.05,clear sky,ZA
541,Dakar,14.69,-17.44,82.4,83,40,9.17,scattered clouds,SN
542,Bonavista,48.65,-53.11,64.92,57,0,14.61,clear sky,CA
543,Solnechnyy,50.72,136.63,58.86,64,18,6.2,few clouds,RU
544,Guiyang,26.58,106.72,71.6,83,75,6.71,broken clouds,CN
545,Bafata,12.17,-14.75,77.72,93,100,5.88,moderate rain,GW
546,Leh,34.17,77.58,63.09,35,28,6.29,scattered clouds,IN
547,Imbituba,-28.24,-48.67,59.0,44,59,14.99,broken clouds,BR
548,Morro Bay,35.37,-120.85,69.01,82,90,5.5,haze,US
549,Najran,17.49,44.13,95.0,14,75,6.93,broken clouds,SA
550,Pringsewu,-5.36,104.97,72.45,92,79,0.18,broken clouds,ID
551,Nelson Bay,-32.72,152.15,57.0,54,1,24.16,clear sky,AU
552,Shitanjing,39.23,106.34,66.81,75,56,14.61,broken clouds,CN
553,Los Llanos De Aridane,28.66,-17.92,81.0,69,20,11.41,few clouds,ES
554,Alice Town,25.72,-79.3,83.86,79,56,14.81,broken clouds,BS
555,Matay,28.42,30.78,97.03,17,0,12.15,clear sky,EG
556,Hobyo,5.35,48.53,77.0,79,72,26.8,broken clouds,SO
557,Sembe,1.65,14.58,81.45,72,59,2.89,light rain,CG
558,Walvis Bay,-22.96,14.51,84.2,5,0,12.75,clear sky,NA
559,Bitlis,38.5,42.25,70.32,24,0,11.21,clear sky,TR
560,Mangrol,21.12,70.12,82.29,85,100,17.07,overcast clouds,IN
561,Cockburn Town,21.46,-71.14,86.0,66,40,12.75,scattered clouds,TC
562,Mehamn,71.04,27.85,57.2,76,75,10.29,broken clouds,NO
563,Nadym,65.53,72.52,56.34,91,99,8.7,overcast clouds,RU
564,Bentiu,9.23,29.83,79.95,78,40,2.01,scattered clouds,SS
565,Aksha,50.28,113.29,61.92,84,100,2.57,overcast clouds,RU
566,Alugan,12.22,125.48,81.19,84,69,5.97,broken clouds,PH
567,Cotonou,6.37,2.42,78.8,88,20,12.75,few clouds,BJ
568,Linxi,39.7,118.43,63.23,71,0,1.95,clear sky,CN
569,Tete,-16.16,33.59,86.0,39,40,10.29,scattered clouds,MZ
570,Puerto Suarez,-18.95,-57.8,50.0,93,90,4.7,overcast clouds,BO
571,Nuevitas,21.55,-77.26,86.0,74,40,10.29,scattered clouds,CU
572,Kiunga,-6.12,141.29,72.61,98,3,1.79,clear sky,PG
573,Hastings,50.86,0.57,72.0,61,18,14.0,light rain,GB
574,Svetlaya,46.54,138.33,59.72,70,0,7.94,clear sky,RU
575,Padang,-0.95,100.35,78.91,79,83,2.93,light rain,ID
576,Buchanan,5.88,-10.05,80.6,78,75,8.05,broken clouds,LR
577,Deep River,46.1,-77.5,68.0,84,97,3.0,overcast clouds,CA
578,Amga,60.9,131.96,40.48,69,35,1.77,scattered clouds,RU
579,Nuuk,64.18,-51.72,44.6,87,75,9.17,fog,GL
580,Kongolo,-5.38,27.0,87.73,36,73,3.71,broken clouds,CD
581,Colares,38.8,-9.45,80.01,53,20,13.87,few clouds,PT
582,Chapais,49.78,-74.85,59.0,62,20,5.82,few clouds,CA
583,Fort Wellington,6.4,-57.6,87.31,62,10,12.1,clear sky,GY
584,Coquimbo,-29.95,-71.34,55.4,71,20,4.7,few clouds,CL
585,Mulchen,-37.72,-72.23,59.0,58,0,12.75,clear sky,CL
586,Marienburg,54.04,19.03,89.01,100,100,11.39,overcast clouds,PL
587,Panama City,8.99,-79.52,84.99,79,40,6.93,scattered clouds,PA
588,Gizo,-8.1,156.84,82.62,76,13,7.25,few clouds,SB
589,Bilma,18.69,12.92,100.02,26,87,13.71,overcast clouds,NE
590,Ouahigouya,13.58,-2.42,96.17,33,48,6.46,scattered clouds,BF
591,Durazno,-33.41,-56.5,53.06,48,0,11.63,clear sky,UY
592,Trelew,-43.25,-65.31,64.02,27,0,10.11,clear sky,AR
593,Garachine,8.06,-78.36,81.97,77,94,4.74,light rain,PA
594,Bac Lieu,9.29,105.72,80.67,85,14,8.1,few clouds,VN
595,Songjianghe,42.19,127.48,59.05,96,8,2.42,clear sky,CN
596,Cozumel,20.51,-86.95,80.6,88,90,13.87,moderate rain,MX
597,Gunjur,13.2,-16.73,80.6,94,75,5.82,broken clouds,GM
598,Takoradi,4.88,-1.76,77.38,81,67,13.47,broken clouds,GH
599,Kayasula,44.33,45.0,67.95,76,100,6.82,overcast clouds,RU
600,Borogontsy,62.67,131.17,41.02,68,1,2.77,clear sky,RU
601,Mirnyy,62.54,113.96,44.6,81,68,2.24,broken clouds,RU
602,Kuminskiy,58.67,66.57,56.14,96,100,5.88,overcast clouds,RU
603,Platteville,42.73,-90.48,77.0,65,1,6.93,clear sky,US
604,Suntar,62.14,117.63,46.76,65,82,3.91,broken clouds,RU
605,Shanghai,31.22,121.46,87.01,83,51,8.95,broken clouds,CN
606,Chapada Dos Guimaraes,-15.46,-55.75,59.0,62,90,13.87,smoke,BR
607,Mount Gambier,-37.83,140.77,44.6,81,90,23.04,shower rain,AU
608,Port Moresby,-9.44,147.18,77.0,88,75,8.05,broken clouds,PG
609,Diamantino,-14.41,-56.45,67.68,49,89,13.22,overcast clouds,BR
610,Eufaula,31.89,-85.15,82.99,76,0,1.01,clear sky,US
611,Rio Gallegos,-51.62,-69.22,51.8,62,100,11.41,overcast clouds,AR
612,Sheridan,44.83,-106.92,75.0,43,1,5.82,clear sky,US
613,Keetmanshoop,-26.58,18.13,71.6,8,0,8.05,clear sky,NA
614,Serebryansk,49.69,83.29,60.8,55,40,6.71,scattered clouds,KZ
615,Santa Luzia,-19.77,-43.85,68.0,68,75,14.99,broken clouds,BR
616,Puerto Escondido,15.85,-97.07,82.4,69,90,6.93,overcast clouds,MX
617,Kieta,-6.22,155.63,78.76,79,19,3.11,few clouds,PG
618,Marawi,8.0,124.29,75.0,93,99,5.01,light rain,PH
619,Maarianhamina,60.1,19.93,69.8,83,75,12.75,broken clouds,AX
620,North Bend,43.41,-124.22,66.0,100,90,8.05,overcast clouds,US
621,Vallenar,-28.57,-70.76,75.34,18,0,4.21,clear sky,CL
622,Heide,54.2,9.1,79.0,61,40,11.41,scattered clouds,DE
623,Yatou,37.15,122.38,68.86,95,99,2.44,overcast clouds,CN
624,Piacabucu,-10.41,-36.43,79.52,73,75,12.55,broken clouds,BR
625,Bhubaneswar,20.23,85.83,82.4,83,75,12.75,thunderstorm,IN
626,Acquaviva Delle Fonti,40.9,16.84,88.0,20,5,11.41,clear sky,IT
627,Kokopo,-4.35,152.26,77.09,88,3,8.05,clear sky,PG
628,Komsomolskiy,40.43,71.72,75.2,53,0,4.7,clear sky,UZ
629,Karasjok,69.47,25.51,59.0,82,75,17.22,broken clouds,NO
630,Ciudad Guayana,8.35,-62.65,86.4,69,84,3.69,moderate rain,VE
631,Omboue,-1.57,9.26,76.1,76,28,11.18,scattered clouds,GA
632,Toul,48.67,5.92,84.2,48,68,11.41,broken clouds,FR
633,Filadelfia,39.95,-75.16,84.99,51,75,9.17,broken clouds,US
634,Taltal,-25.4,-70.48,64.04,47,0,5.77,clear sky,CL
635,Tabuk,17.42,121.44,75.09,86,99,2.89,overcast clouds,PH
636,Rozkishne,48.5,37.59,72.39,55,81,15.97,light rain,UA
637,Boden,65.83,21.69,64.4,88,16,14.99,few clouds,SE
638,Sabha,27.04,14.43,97.68,14,0,15.05,clear sky,LY
639,Saint-Joseph,-21.37,55.62,68.0,64,75,4.7,broken clouds,RE
640,Pando,-34.72,-55.95,59.0,26,0,17.22,clear sky,UY
641,San Rafael Del Sur,11.85,-86.44,77.0,94,75,10.49,moderate rain,NI
642,Morgan City,29.7,-91.21,87.8,58,40,6.93,scattered clouds,US
643,Havre,49.58,0.33,75.99,57,18,17.22,few clouds,FR
644,Biak,-0.91,122.88,76.33,81,32,5.97,scattered clouds,ID
645,Mercedes,-34.65,-59.43,56.89,37,0,9.6,clear sky,AR
646,Arman,59.7,150.17,45.19,62,100,10.18,overcast clouds,RU
647,San Luis,-33.3,-66.34,57.76,29,0,8.46,clear sky,AR
648,Khandyga,62.67,135.6,42.08,65,0,4.21,clear sky,RU
649,Mastic Beach,40.77,-72.85,80.6,54,1,12.75,clear sky,US
650,Fonte Boa,-2.5,-66.27,95.47,38,20,8.08,few clouds,BR
651,Dvinskoy,62.15,45.12,58.87,67,9,3.69,clear sky,RU
652,Alofi,-19.06,-169.92,71.6,94,3,2.24,clear sky,NU
653,Teknaf,20.86,92.31,80.06,87,100,8.34,moderate rain,BD
654,Avera,33.19,-82.53,80.6,88,75,5.82,broken clouds,US
655,Belaya Gora,68.53,146.42,35.69,85,64,4.38,broken clouds,RU
656,Calabozo,8.92,-67.43,89.31,68,12,2.33,light rain,VE
657,Zhangjiakou,40.81,114.88,63.27,76,0,4.92,clear sky,CN
658,Skjervoy,70.03,20.97,55.4,87,97,2.24,overcast clouds,NO
659,Naze,28.37,129.48,77.0,94,32,3.36,mist,JP
660,Aykhal,66.0,111.5,51.8,57,96,4.47,overcast clouds,RU
661,Kuloy,61.03,42.49,59.36,61,0,2.93,clear sky,RU
662,Inhambane,-23.86,35.38,69.8,60,40,13.87,scattered clouds,MZ
663,Manacapuru,-3.3,-60.62,95.0,44,40,8.05,scattered clouds,BR
664,Onega,63.91,38.14,64.58,78,11,1.54,few clouds,RU
665,Tazovskiy,67.47,78.7,53.38,93,91,9.48,overcast clouds,RU
666,Cayenne,4.93,-52.33,89.6,59,75,13.87,broken clouds,GF
667,Mudon,16.26,97.72,75.38,94,100,6.73,light rain,MM
668,Republic,37.12,-93.48,80.6,51,1,6.93,clear sky,US
669,Kaseda,31.42,130.32,78.01,88,27,3.0,scattered clouds,JP
670,Bereda,43.27,-7.54,78.01,61,51,13.0,broken clouds,ES
671,Goderich,43.75,-81.72,73.0,88,17,8.39,few clouds,CA
672,Reitz,-27.8,28.43,49.26,45,0,4.76,clear sky,ZA
673,Icod De Los Vinos,28.37,-16.71,82.99,78,4,5.01,clear sky,ES
674,Jiwani,25.05,61.74,82.09,84,100,9.51,overcast clouds,PK
675,Polovinnoye,54.79,65.99,54.5,93,83,5.5,broken clouds,RU
676,Ritchie,-29.04,24.6,64.4,17,0,3.02,clear sky,ZA
677,Westport,41.14,-73.36,82.99,61,1,17.22,clear sky,US
678,Suicheng,33.9,117.93,71.31,97,99,6.44,overcast clouds,CN
679,Mayo,38.89,-76.51,82.0,78,40,4.7,light rain,US
680,La Ronge,55.1,-105.28,64.4,77,75,14.99,broken clouds,CA
681,Kuusamo,65.97,29.18,69.8,56,6,10.29,clear sky,FI
682,Alexandria,31.22,29.96,84.2,62,0,16.11,clear sky,EG
683,Puerto Del Rosario,28.5,-13.86,80.6,65,0,12.75,clear sky,ES
684,Vaitape,-16.52,-151.75,78.44,77,8,23.87,light rain,PF
685,Labytnangi,66.66,66.42,55.65,84,74,6.49,broken clouds,RU
686,Saint-Leu,-21.15,55.28,68.0,64,75,4.7,broken clouds,RE
687,Lastoursville,-0.81,12.73,87.51,55,96,1.77,overcast clouds,GA
688,Moerai,-22.43,-151.33,70.05,70,37,23.64,scattered clouds,PF
689,Bilibino,68.05,166.44,38.75,86,100,6.38,overcast clouds,RU
690,Vanavara,60.34,102.28,55.36,76,54,2.82,broken clouds,RU
691,Bonthe,7.53,-12.51,80.37,77,62,12.95,broken clouds,SL
692,Ordzhonikidze,52.44,61.74,57.22,81,41,6.87,scattered clouds,KZ
693,Pierre,44.37,-100.35,78.8,69,1,16.11,clear sky,US
694,Carlsbad,33.16,-117.35,82.99,74,1,3.36,clear sky,US
695,Bar Harbor,44.39,-68.2,75.0,73,90,12.75,overcast clouds,US
696,Itarema,-2.92,-39.92,87.46,55,28,17.4,scattered clouds,BR
697,Matagami,49.75,-77.63,57.2,76,1,2.3,clear sky,CA
698,Colimes,-1.55,-80.02,73.4,78,90,4.7,overcast clouds,EC
699,Mount Isa,-20.73,139.5,53.6,32,0,1.12,clear sky,AU
700,Karratha,-20.74,116.85,72.32,36,0,6.82,clear sky,AU
701,Sopelana,43.38,-2.98,73.4,73,75,6.93,broken clouds,ES
702,Ulaanbaatar,47.91,106.88,62.6,48,96,11.18,overcast clouds,MN
703,Kumluca,36.37,30.29,87.58,42,2,5.66,clear sky,TR
704,Kendari,-3.94,122.5,75.09,85,6,2.42,clear sky,ID
705,Juneau,58.3,-134.42,55.0,93,75,4.29,broken clouds,US
706,Roquetas De Mar,36.76,-2.61,81.0,78,0,5.82,clear sky,ES
707,Crateus,-5.18,-40.68,99.72,21,87,7.29,overcast clouds,BR
708,Dali,25.7,100.18,63.21,82,23,3.51,few clouds,CN
709,Santa Cruz,-17.8,-63.17,55.4,54,90,18.34,overcast clouds,BO
710,Deputatskiy,69.3,139.9,33.51,98,100,4.29,overcast clouds,RU
711,Antofagasta,-23.65,-70.4,57.2,71,40,9.17,scattered clouds,CL
712,Cidreira,-30.18,-50.21,52.59,52,9,12.84,clear sky,BR
713,Kasongo,-4.45,26.67,87.13,41,38,3.74,scattered clouds,CD
714,Mosquera,4.71,-74.23,68.0,42,75,6.93,broken clouds,CO
715,Giaginskaya,44.86,40.07,74.37,47,100,12.73,overcast clouds,RU
716,Balabac,7.99,117.06,82.15,78,98,6.33,overcast clouds,PH
717,Bowen,-20.02,148.23,57.99,87,3,2.24,clear sky,AU
718,Ust-Barguzin,53.45,108.98,59.52,76,95,4.21,overcast clouds,RU
719,Chaman,30.92,66.45,86.92,18,21,8.03,few clouds,PK
720,Port Augusta,-32.5,137.77,44.6,81,21,10.29,few clouds,AU
